Workbook

Sheet Analisis SSA
I1: Perhitungan Shift Share Analysis (SSA) | Q1: Data Pendukung Tipologi Klassen (lihat sheet Klassen)
B2: PDRB Subsektor (Seri 2010) | C2: PDRB ADHK Jawa Timur | F2: PDRB ADHK Kabupaten Pacitan | I2: Komponen SSA (Kabupaten Pacitan) | Q2: Pertumbuhan & Kontribusi (untuk Klassen)
C4: 2023 | D4: 2024 | E4: 2025 | F4: 2023 | G4: 2024 | H4: 2025 | I4: Yij,0 | J4: rn (1) | K4: rn (2) | L4: Rata-rata rn (ri) | M4: NSij | N4: IMij | O4: DSij | P4: SSA | Q4: Ri (1) | R4: Ri (2) | S4: Rata-rata Ri | T4: si (kontribusi kab) | U4: Si (kontribusi prov)
A5: A | B5: Pertanian, Kehutanan, dan Perikanan | C5: 326087.35 | D5: 337697.52 | E5: 365375.14 | F5: 2827.38 | G5: 2817.71 | H5: 2808.04 | I5: =F5 -> 2827.38 | J5: =(G5-F5)/F5 -> -0.0034201275 | K5: =(H5-G5)/G5 -> -0.0034318649 | L5: =AVERAGE(J5:K5) -> -0.0034259962 | M5: =I5*$S$22 -> 207.58688 | N5: =I5*(S5-$S$22) -> -41.387443 | O5: =I5*(L5-S5) -> -175.88603 | P5: =M5+N5+O5 -> -9.6865931 | Q5: =(D5-C5)/C5 -> 0.035604478 | R5: =(E5-D5)/D5 -> 0.081959796 | S5: =AVERAGE(Q5:R5) -> 0.058782137 | T5: =AVERAGE(F5/F$22,G5/G$22,H5/H$22) -> 0.22271491 | U5: =AVERAGE(C5/C$22,D5/D$22,E5/E$22) -> 0.10811837
A6: B | B6: Pertambangan dan Penggalian | C6: 112701.63 | D6: 113344.46 | E6: 113099.01 | F6: 664.31 | G6: 691.06 | H6: 717.81 | I6: =F6 -> 664.31 | J6: =(G6-F6)/F6 -> 0.040267345 | K6: =(H6-G6)/G6 -> 0.03870865 | L6: =AVERAGE(J6:K6) -> 0.039487998 | M6: =I6*$S$22 -> 48.773791 | N6: =I6*(S6-$S$22) -> -47.598528 | O6: =I6*(L6-S6) -> 25.057008 | P6: =M6+N6+O6 -> 26.232272 | Q6: =(D6-C6)/C6 -> 0.0057038217 | R6: =(E6-D6)/D6 -> -0.0021655227 | S6: =AVERAGE(Q6:R6) -> 0.0017691495 | T6: =AVERAGE(F6/F$22,G6/G$22,H6/H$22) -> 0.054578489 | U6: =AVERAGE(C6/C$22,D6/D$22,E6/E$22) -> 0.035722036
A7: C | B7: Industri Pengolahan | C7: 901185.69 | D7: 977507.54 | E7: 1065685.8 | F7: 889.97 | G7: 953.48 | H7: 1016.99 | I7: =F7 -> 889.97 | J7: =(G7-F7)/F7 -> 0.071361956 | K7: =(H7-G7)/G7 -> 0.066608634 | L7: =AVERAGE(J7:K7) -> 0.068985295 | M7: =I7*$S$22 -> 65.3418 | N7: =I7*(S7-$S$22) -> 12.485059 | O7: =I7*(L7-S7) -> -16.432016 | P7: =M7+N7+O7 -> 61.394843 | Q7: =(D7-C7)/C7 -> 0.084690481 | R7: =(E7-D7)/D7 -> 0.090207233 | S7: =AVERAGE(Q7:R7) -> 0.087448857 | T7: =AVERAGE(F7/F$22,G7/G$22,H7/H$22) -> 0.075263998 | U7: =AVERAGE(C7/C$22,D7/D$22,E7/E$22) -> 0.30893101
A8: D | B8: Pengadaan Listrik dan Gas | C8: 10374.52 | D8: 11181.77 | E8: 11981.83 | F8: 5.32 | G8: 5.74 | H8: 6.16 | I8: =F8 -> 5.32 | J8: =(G8-F8)/F8 -> 0.078947368 | K8: =(H8-G8)/G8 -> 0.073170732 | L8: =AVERAGE(J8:K8) -> 0.07605905 | M8: =I8*$S$22 -> 0.39059561 | N8: =I8*(S8-$S$22) -> 0.0067052309 | O8: =I8*(L8-S8) -> 0.0073333053 | P8: =M8+N8+O8 -> 0.40463415 | Q8: =(D8-C8)/C8 -> 0.077810829 | R8: =(E8-D8)/D8 -> 0.07155039 | S8: =AVERAGE(Q8:R8) -> 0.074680609 | T8: =AVERAGE(F8/F$22,G8/G$22,H8/H$22) -> 0.00045303678 | U8: =AVERAGE(C8/C$22,D8/D$22,E8/E$22) -> 0.0035208737
A9: E | B9: Pengadaan Air, Pengelolaan Sampah, Limbah dan Daur Ulang | C9: 2541.86 | D9: 2626.96 | E9: 2763.35 | F9: 12.21 | G9: 12.31 | H9: 12.41 | I9: =F9 -> 12.21 | J9: =(G9-F9)/F9 -> 0.0081900082 | K9: =(H9-G9)/G9 -> 0.0081234768 | L9: =AVERAGE(J9:K9) -> 0.0081567425 | M9: =I9*$S$22 -> 0.89646098 | N9: =I9*(S9-$S$22) -> -0.37510161 | O9: =I9*(L9-S9) -> -0.42176554 | P9: =M9+N9+O9 -> 0.099593826 | Q9: =(D9-C9)/C9 -> 0.033479421 | R9: =(E9-D9)/D9 -> 0.051919329 | S9: =AVERAGE(Q9:R9) -> 0.042699375 | T9: =AVERAGE(F9/F$22,G9/G$22,H9/H$22) -> 0.00097278275 | U9: =AVERAGE(C9/C$22,D9/D$22,E9/E$22) -> 0.0008339154
A10: F | B10: Konstruksi | C10: 263243.87 | D10: 284121.28 | E10: 299579.06 | F10: 1872.9 | G10: 1967.64 | H10: 2062.38 | I10: =F10 -> 1872.9 | J10: =(G10-F10)/F10 -> 0.050584655 | K10: =(H10-G10)/G10 -> 0.048149052 | L10: =AVERAGE(J10:K10) -> 0.049366853 | M10: =I10*$S$22 -> 137.50874 | N10: =I10*(S10-$S$22) -> -12.29244 | O10: =I10*(L10-S10) -> -32.757124 | P10: =M10+N10+O10 -> 92.459179 | Q10: =(D10-C10)/C10 -> 0.079308248 | R10: =(E10-D10)/D10 -> 0.054405569 | S10: =AVERAGE(Q10:R10) -> 0.066856908 | T10: =AVERAGE(F10/F$22,G10/G$22,H10/H$22) -> 0.15537229 | U10: =AVERAGE(C10/C$22,D10/D$22,E10/E$22) -> 0.08894464
A11: G | B11: Perdagangan Besar dan Eceran | C11: 558385.86 | D11: 596083.66 | E11: 631235.53 | F11: 2297.29 | G11: 2243.2 | H11: 2189.11 | I11: =F11 -> 2297.29 | J11: =(G11-F11)/F11 -> -0.023545134 | K11: =(H11-G11)/G11 -> -0.024112874 | L11: =AVERAGE(J11:K11) -> -0.023829004 | M11: =I11*$S$22 -> 168.66755 | N11: =I11*(S11-$S$22) -> -23.382953 | O11: =I11*(L11-S11) -> -200.02673 | P11: =M11+N11+O11 -> -54.742133 | Q11: =(D11-C11)/C11 -> 0.067512096 | R11: =(E11-D11)/D11 -> 0.05897137 | S11: =AVERAGE(Q11:R11) -> 0.063241733 | T11: =AVERAGE(F11/F$22,G11/G$22,H11/H$22) -> 0.17737455 | U11: =AVERAGE(C11/C$22,D11/D$22,E11/E$22) -> 0.18756031
A12: H | B12: Transportasi dan Pergudangan | C12: 119171.36 | D12: 132252.92 | E12: 142333.91 | F12: 398.55 | G12: 447.29 | H12: 496.03 | I12: =F12 -> 398.55 | J12: =(G12-F12)/F12 -> 0.12229331 | K12: =(H12-G12)/G12 -> 0.10896734 | L12: =AVERAGE(J12:K12) -> 0.11563032 | M12: =I12*$S$22 -> 29.261632 | N12: =I12*(S12-$S$22) -> 7.8027391 | O12: =I12*(L12-S12) -> 9.0200952 | P12: =M12+N12+O12 -> 46.084466 | Q12: =(D12-C12)/C12 -> 0.10977101 | R12: =(E12-D12)/D12 -> 0.076225084 | S12: =AVERAGE(Q12:R12) -> 0.092998045 | T12: =AVERAGE(F12/F$22,G12/G$22,H12/H$22) -> 0.035278927 | U12: =AVERAGE(C12/C$22,D12/D$22,E12/E$22) -> 0.041305041
A13: I | B13: Penyediaan Akomodasi dan Makan Minum | C13: 173189.33 | D13: 189716.7 | E13: 208494.46 | F13: 285.19 | G13: 300.77 | H13: 316.35 | I13: =F13 -> 285.19 | J13: =(G13-F13)/F13 -> 0.054630247 | K13: =(H13-G13)/G13 -> 0.051800379 | L13: =AVERAGE(J13:K13) -> 0.053215313 | M13: =I13*$S$22 -> 20.938715 | N13: =I13*(S13-$S$22) -> 6.7828071 | O13: =I13*(L13-S13) -> -12.545047 | P13: =M13+N13+O13 -> 15.176475 | Q13: =(D13-C13)/C13 -> 0.095429493 | R13: =(E13-D13)/D13 -> 0.098977897 | S13: =AVERAGE(Q13:R13) -> 0.097203695 | T13: =AVERAGE(F13/F$22,G13/G$22,H13/H$22) -> 0.023748289 | U13: =AVERAGE(C13/C$22,D13/D$22,E13/E$22) -> 0.059927438
A14: J | B14: Informasi dan Komunikasi | C14: 145547.25 | D14: 156394.33 | E14: 168566.56 | F14: 974.54 | G14: 1026.53 | H14: 1078.52 | I14: =F14 -> 974.54 | J14: =(G14-F14)/F14 -> 0.053348246 | K14: =(H14-G14)/G14 -> 0.050646352 | L14: =AVERAGE(J14:K14) -> 0.051997299 | M14: =I14*$S$22 -> 71.550948 | N14: =I14*(S14-$S$22) -> 2.6878302 | O14: =I14*(L14-S14) -> -23.565331 | P14: =M14+N14+O14 -> 50.673448 | Q14: =(D14-C14)/C14 -> 0.074526176 | R14: =(E14-D14)/D14 -> 0.077830379 | S14: =AVERAGE(Q14:R14) -> 0.076178278 | T14: =AVERAGE(F14/F$22,G14/G$22,H14/H$22) -> 0.081054844 | U14: =AVERAGE(C14/C$22,D14/D$22,E14/E$22) -> 0.049391119
A15: K | B15: Jasa Keuangan dan Asuransi | C15: 77073.8 | D15: 80978.2 | E15: 84295.03 | F15: 220.45 | G15: 229.2 | H15: 237.95 | I15: =F15 -> 220.45 | J15: =(G15-F15)/F15 -> 0.03969154 | K15: =(H15-G15)/G15 -> 0.038176265 | L15: =AVERAGE(J15:K15) -> 0.038933903 | M15: =I15*$S$22 -> 16.185489 | N15: =I15*(S15-$S$22) -> -6.0869521 | O15: =I15*(L15-S15) -> -1.5155582 | P15: =M15+N15+O15 -> 8.5829788 | Q15: =(D15-C15)/C15 -> 0.050657941 | R15: =(E15-D15)/D15 -> 0.040959542 | S15: =AVERAGE(Q15:R15) -> 0.045808742 | T15: =AVERAGE(F15/F$22,G15/G$22,H15/H$22) -> 0.018101925 | U15: =AVERAGE(C15/C$22,D15/D$22,E15/E$22) -> 0.025474612
A16: L | B16: Real Estate | C16: 46496.44 | D16: 48278.29 | E16: 51192.48 | F16: 208.26 | G16: 214.98 | H16: 221.7 | I16: =F16 -> 208.26 | J16: =(G16-F16)/F16 -> 0.032267358 | K16: =(H16-G16)/G16 -> 0.031258722 | L16: =AVERAGE(J16:K16) -> 0.03176304 | M16: =I16*$S$22 -> 15.290497 | N16: =I16*(S16-$S$22) -> -5.0144674 | O16: =I16*(L16-S16) -> -3.6610585 | P16: =M16+N16+O16 -> 6.6149707 | Q16: =(D16-C16)/C16 -> 0.038322289 | R16: =(E16-D16)/D16 -> 0.060362328 | S16: =AVERAGE(Q16:R16) -> 0.049342309 | T16: =AVERAGE(F16/F$22,G16/G$22,H16/H$22) -> 0.016981076 | U16: =AVERAGE(C16/C$22,D16/D$22,E16/E$22) -> 0.015341038
... A21: R,S,T, U | B21: Jasa lainnya | C21: 40663.65 | D21: 45132.22 | E21: 51099.95 | F21: 347.81 | G21: 371.45 | H21: 395.09 | I21: =F21 -> 347.81 | J21: =(G21-F21)/F21 -> 0.067968144 | K21: =(H21-G21)/G21 -> 0.063642482 | L21: =AVERAGE(J21:K21) -> 0.065805313 | M21: =I21*$S$22 -> 25.536289 | N21: =I21*(S21-$S$22) -> 16.569368 | O21: =I21*(L21-S21) -> -19.217912 | P21: =M21+N21+O21 -> 22.887746 | Q21: =(D21-C21)/C21 -> 0.10989102 | R21: =(E21-D21)/D21 -> 0.13222771 | S21: =AVERAGE(Q21:R21) -> 0.12105936 | T21: =AVERAGE(F21/F$22,G21/G$22,H21/H$22) -> 0.029322468 | U21: =AVERAGE(C21/C$22,D21/D$22,E21/E$22) -> 0.014342699
B22: PRODUK DOMESTIK REGIONAL BRUTO | C22: 2953547 | D22: 3168295.6 | E22: 3403166.9 | F22: 12244.97 | G22: 12775.82 | H22: 12958.6 | M22: =SUM(M5:M21) -> 898.95433 | N22: =SUM(N5:N21) -> -82.455741 | O22: =SUM(O5:O21) -> -472.82022 | P22: =SUM(P5:P21) -> 343.67837 | Q22: =(D22-C22)/C22 -> 0.072708713 | R22: =(E22-D22)/D22 -> 0.074131742 | S22: =AVERAGE(Q22:R22) -> 0.073420227

Sheet Klassen
A1: TIPOLOGI KLASSEN — Kabupaten Pacitan terhadap Provinsi Jawa Timur
A2: Sumbu pertumbuhan: ri (laju pertumbuhan sektor di Kab. Pacitan) dibandingkan Ri (laju pertumbuhan sektor yang sama di Prov. Jawa Timur). Sumbu kontribusi: si (kontribusi sektor terhadap PDRB Kab. Pacitan) dibandingkan Si (kontribusi sektor yang sama terhadap PDRB Prov. Jawa Timur).
A4: Kode | B4: Sektor | C4: ri (%) | D4: Ri (%) | E4: si (%) | F4: Si (%) | G4: Kuadran | H4: Klasifikasi
A5: ='Analisis SSA'!A5 -> A | B5: ='Analisis SSA'!B5 -> Pertanian, Kehutanan, dan Perikanan | C5: ='Analisis SSA'!L5 -> -0.0034259962 | D5: ='Analisis SSA'!S5 -> 0.058782137 | E5: ='Analisis SSA'!T5 -> 0.22271491 | F5: ='Analisis SSA'!U5 -> 0.10811837 | G5: =IF(AND(C5>D5,E5>F5),"I",IF(AND(C5<D5,E5>F5),"II",IF(AND(C5>D5,E5<F5),"III","IV"))) -> II | H5: =IF(G5="I","Maju dan Tumbuh Pesat (Prima)",IF(G5="II","Maju tapi Tertekan (Stagnan)",IF(G5="III","Potensial/Berkembang Cepat","Relatif Tertinggal"))) -> Maju tapi Tertekan (Stagnan)
A6: ='Analisis SSA'!A6 -> B | B6: ='Analisis SSA'!B6 -> Pertambangan dan Penggalian | C6: ='Analisis SSA'!L6 -> 0.039487998 | D6: ='Analisis SSA'!S6 -> 0.0017691495 | E6: ='Analisis SSA'!T6 -> 0.054578489 | F6: ='Analisis SSA'!U6 -> 0.035722036 | G6: =IF(AND(C6>D6,E6>F6),"I",IF(AND(C6<D6,E6>F6),"II",IF(AND(C6>D6,E6<F6),"III","IV"))) -> I | H6: =IF(G6="I","Maju dan Tumbuh Pesat (Prima)",IF(G6="II","Maju tapi Tertekan (Stagnan)",IF(G6="III","Potensial/Berkembang Cepat","Relatif Tertinggal"))) -> Maju dan Tumbuh Pesat (Prima)
A7: ='Analisis SSA'!A7 -> C | B7: ='Analisis SSA'!B7 -> Industri Pengolahan | C7: ='Analisis SSA'!L7 -> 0.068985295 | D7: ='Analisis SSA'!S7 -> 0.087448857 | E7: ='Analisis SSA'!T7 -> 0.075263998 | F7: ='Analisis SSA'!U7 -> 0.30893101 | G7: =IF(AND(C7>D7,E7>F7),"I",IF(AND(C7<D7,E7>F7),"II",IF(AND(C7>D7,E7<F7),"III","IV"))) -> IV | H7: =IF(G7="I","Maju dan Tumbuh Pesat (Prima)",IF(G7="II","Maju tapi Tertekan (Stagnan)",IF(G7="III","Potensial/Berkembang Cepat","Relatif Tertinggal"))) -> Relatif Tertinggal
A8: ='Analisis SSA'!A8 -> D | B8: ='Analisis SSA'!B8 -> Pengadaan Listrik dan Gas | C8: ='Analisis SSA'!L8 -> 0.07605905 | D8: ='Analisis SSA'!S8 -> 0.074680609 | E8: ='Analisis SSA'!T8 -> 0.00045303678 | F8: ='Analisis SSA'!U8 -> 0.0035208737 | G8: =IF(AND(C8>D8,E8>F8),"I",IF(AND(C8<D8,E8>F8),"II",IF(AND(C8>D8,E8<F8),"III","IV"))) -> III | H8: =IF(G8="I","Maju dan Tumbuh Pesat (Prima)",IF(G8="II","Maju tapi Tertekan (Stagnan)",IF(G8="III","Potensial/Berkembang Cepat","Relatif Tertinggal"))) -> Potensial/Berkembang Cepat
A9: ='Analisis SSA'!A9 -> E | B9: ='Analisis SSA'!B9 -> Pengadaan Air, Pengelolaan Sampah, Limbah dan Daur Ulang | C9: ='Analisis SSA'!L9 -> 0.0081567425 | D9: ='Analisis SSA'!S9 -> 0.042699375 | E9: ='Analisis SSA'!T9 -> 0.00097278275 | F9: ='Analisis SSA'!U9 -> 0.0008339154 | G9: =IF(AND(C9>D9,E9>F9),"I",IF(AND(C9<D9,E9>F9),"II",IF(AND(C9>D9,E9<F9),"III","IV"))) -> II | H9: =IF(G9="I","Maju dan Tumbuh Pesat (Prima)",IF(G9="II","Maju tapi Tertekan (Stagnan)",IF(G9="III","Potensial/Berkembang Cepat","Relatif Tertinggal"))) -> Maju tapi Tertekan (Stagnan)
A10: ='Analisis SSA'!A10 -> F | B10: ='Analisis SSA'!B10 -> Konstruksi | C10: ='Analisis SSA'!L10 -> 0.049366853 | D10: ='Analisis SSA'!S10 -> 0.066856908 | E10: ='Analisis SSA'!T10 -> 0.15537229 | F10: ='Analisis SSA'!U10 -> 0.08894464 | G10: =IF(AND(C10>D10,E10>F10),"I",IF(AND(C10<D10,E10>F10),"II",IF(AND(C10>D10,E10<F10),"III","IV"))) -> II | H10: =IF(G10="I","Maju dan Tumbuh Pesat (Prima)",IF(G10="II","Maju tapi Tertekan (Stagnan)",IF(G10="III","Potensial/Berkembang Cepat","Relatif Tertinggal"))) -> Maju tapi Tertekan (Stagnan)
A11: ='Analisis SSA'!A11 -> G | B11: ='Analisis SSA'!B11 -> Perdagangan Besar dan Eceran | C11: ='Analisis SSA'!L11 -> -0.023829004 | D11: ='Analisis SSA'!S11 -> 0.063241733 | E11: ='Analisis SSA'!T11 -> 0.17737455 | F11: ='Analisis SSA'!U11 -> 0.18756031 | G11: =IF(AND(C11>D11,E11>F11),"I",IF(AND(C11<D11,E11>F11),"II",IF(AND(C11>D11,E11<F11),"III","IV"))) -> IV | H11: =IF(G11="I","Maju dan Tumbuh Pesat (Prima)",IF(G11="II","Maju tapi Tertekan (Stagnan)",IF(G11="III","Potensial/Berkembang Cepat","Relatif Tertinggal"))) -> Relatif Tertinggal
A12: ='Analisis SSA'!A12 -> H | B12: ='Analisis SSA'!B12 -> Transportasi dan Pergudangan | C12: ='Analisis SSA'!L12 -> 0.11563032 | D12: ='Analisis SSA'!S12 -> 0.092998045 | E12: ='Analisis SSA'!T12 -> 0.035278927 | F12: ='Analisis SSA'!U12 -> 0.041305041 | G12: =IF(AND(C12>D12,E12>F12),"I",IF(AND(C12<D12,E12>F12),"II",IF(AND(C12>D12,E12<F12),"III","IV"))) -> III | H12: =IF(G12="I","Maju dan Tumbuh Pesat (Prima)",IF(G12="II","Maju tapi Tertekan (Stagnan)",IF(G12="III","Potensial/Berkembang Cepat","Relatif Tertinggal"))) -> Potensial/Berkembang Cepat
A13: ='Analisis SSA'!A13 -> I | B13: ='Analisis SSA'!B13 -> Penyediaan Akomodasi dan Makan Minum | C13: ='Analisis SSA'!L13 -> 0.053215313 | D13: ='Analisis SSA'!S13 -> 0.097203695 | E13: ='Analisis SSA'!T13 -> 0.023748289 | F13: ='Analisis SSA'!U13 -> 0.059927438 | G13: =IF(AND(C13>D13,E13>F13),"I",IF(AND(C13<D13,E13>F13),"II",IF(AND(C13>D13,E13<F13),"III","IV"))) -> IV | H13: =IF(G13="I","Maju dan Tumbuh Pesat (Prima)",IF(G13="II","Maju tapi Tertekan (Stagnan)",IF(G13="III","Potensial/Berkembang Cepat","Relatif Tertinggal"))) -> Relatif Tertinggal
A14: ='Analisis SSA'!A14 -> J | B14: ='Analisis SSA'!B14 -> Informasi dan Komunikasi | C14: ='Analisis SSA'!L14 -> 0.051997299 | D14: ='Analisis SSA'!S14 -> 0.076178278 | E14: ='Analisis SSA'!T14 -> 0.081054844 | F14: ='Analisis SSA'!U14 -> 0.049391119 | G14: =IF(AND(C14>D14,E14>F14),"I",IF(AND(C14<D14,E14>F14),"II",IF(AND(C14>D14,E14<F14),"III","IV"))) -> II | H14: =IF(G14="I","Maju dan Tumbuh Pesat (Prima)",IF(G14="II","Maju tapi Tertekan (Stagnan)",IF(G14="III","Potensial/Berkembang Cepat","Relatif Tertinggal"))) -> Maju tapi Tertekan (Stagnan)
A15: ='Analisis SSA'!A15 -> K | B15: ='Analisis SSA'!B15 -> Jasa Keuangan dan Asuransi | C15: ='Analisis SSA'!L15 -> 0.038933903 | D15: ='Analisis SSA'!S15 -> 0.045808742 | E15: ='Analisis SSA'!T15 -> 0.018101925 | F15: ='Analisis SSA'!U15 -> 0.025474612 | G15: =IF(AND(C15>D15,E15>F15),"I",IF(AND(C15<D15,E15>F15),"II",IF(AND(C15>D15,E15<F15),"III","IV"))) -> IV | H15: =IF(G15="I","Maju dan Tumbuh Pesat (Prima)",IF(G15="II","Maju tapi Tertekan (Stagnan)",IF(G15="III","Potensial/Berkembang Cepat","Relatif Tertinggal"))) -> Relatif Tertinggal
A16: ='Analisis SSA'!A16 -> L | B16: ='Analisis SSA'!B16 -> Real Estate | C16: ='Analisis SSA'!L16 -> 0.03176304 | D16: ='Analisis SSA'!S16 -> 0.049342309 | E16: ='Analisis SSA'!T16 -> 0.016981076 | F16: ='Analisis SSA'!U16 -> 0.015341038 | G16: =IF(AND(C16>D16,E16>F16),"I",IF(AND(C16<D16,E16>F16),"II",IF(AND(C16>D16,E16<F16),"III","IV"))) -> II | H16: =IF(G16="I","Maju dan Tumbuh Pesat (Prima)",IF(G16="II","Maju tapi Tertekan (Stagnan)",IF(G16="III","Potensial/Berkembang Cepat","Relatif Tertinggal"))) -> Maju tapi Tertekan (Stagnan)
... A21: ='Analisis SSA'!A21 -> R,S,T, U | B21: ='Analisis SSA'!B21 -> Jasa lainnya | C21: ='Analisis SSA'!L21 -> 0.065805313 | D21: ='Analisis SSA'!S21 -> 0.12105936 | E21: ='Analisis SSA'!T21 -> 0.029322468 | F21: ='Analisis SSA'!U21 -> 0.014342699 | G21: =IF(AND(C21>D21,E21>F21),"I",IF(AND(C21<D21,E21>F21),"II",IF(AND(C21>D21,E21<F21),"III","IV"))) -> II | H21: =IF(G21="I","Maju dan Tumbuh Pesat (Prima)",IF(G21="II","Maju tapi Tertekan (Stagnan)",IF(G21="III","Potensial/Berkembang Cepat","Relatif Tertinggal"))) -> Maju tapi Tertekan (Stagnan)
A23: Keterangan Kuadran:
A24: Kuadran I | B24: Sektor Maju dan Tumbuh Pesat (Prima) | C24: ri > Ri dan si > Si
A25: Kuadran II | B25: Sektor Maju tapi Tertekan (Stagnan) | C25: ri < Ri tetapi si > Si
A26: Kuadran III | B26: Sektor Potensial / Masih Dapat Berkembang Cepat | C26: ri > Ri tetapi si < Si
A27: Kuadran IV | B27: Sektor Relatif Tertinggal | C27: ri < Ri dan si < Si
